time,cod_mg_l,nh3n_mg_l,tn_mg_l,tp_mg_l,ss_mg_l,ph,toxicity_flag,inflow_m3h
2026-06-01 00:00:00,325.2,30.6,40.2,4.7,204.9,7.28,0,4078.8
2026-06-01 00:05:00,377.8,34.3,47.0,4.9,197.5,7.41,0,3838.9
2026-06-01 00:10:00,355.5,28.3,44.0,3.9,196.5,7.2,0,4045.5
2026-06-01 00:15:00,343.8,33.6,43.8,4.6,163.9,7.3,0,4040.2
2026-06-01 00:20:00,341.4,30.7,49.1,4.9,185.8,7.14,0,3883.2
2026-06-01 00:25:00,377.4,29.1,42.5,4.7,187.7,7.26,0,3839.0
2026-06-01 00:30:00,374.1,28.5,47.2,4.9,177.8,7.2,0,3697.7
2026-06-01 00:35:00,311.7,30.9,45.0,4.3,216.5,7.22,0,3712.7
2026-06-01 00:40:00,379.7,30.7,44.9,4.5,187.4,7.36,0,3777.5
2026-06-01 00:45:00,345.4,28.4,48.1,4.6,177.7,7.37,0,3719.7
2026-06-01 00:50:00,367.0,31.5,45.2,4.7,232.2,7.24,0,3697.3
2026-06-01 00:55:00,351.7,30.9,44.2,3.9,202.5,7.33,0,3715.5
2026-06-01 01:00:00,306.5,29.1,37.5,4.6,196.7,7.25,0,3783.9
2026-06-01 01:05:00,337.8,28.8,47.8,4.9,190.7,7.27,0,3575.2
2026-06-01 01:10:00,306.8,30.4,41.1,5.0,179.9,7.19,0,3538.3
2026-06-01 01:15:00,327.2,33.3,43.8,4.7,176.4,7.25,0,3532.3
2026-06-01 01:20:00,346.3,28.4,42.8,5.1,169.7,7.1,0,3483.9
2026-06-01 01:25:00,331.2,25.8,37.4,5.1,185.5,7.51,0,3579.1
2026-06-01 01:30:00,328.0,29.2,45.2,4.4,162.5,7.42,0,3407.3
2026-06-01 01:35:00,328.6,27.8,42.7,4.3,208.4,7.55,0,3440.6
2026-06-01 01:40:00,324.5,25.1,43.6,4.6,178.0,7.41,0,3509.7
2026-06-01 01:45:00,340.3,29.3,44.3,4.8,206.8,7.33,0,3409.2
2026-06-01 01:50:00,326.3,27.3,46.1,4.4,174.2,7.08,0,3240.8
2026-06-01 01:55:00,337.2,27.2,46.0,5.3,197.1,7.4,0,3180.6
2026-06-01 02:00:00,317.3,31.5,46.4,4.6,162.7,7.44,0,3108.4
2026-06-01 02:05:00,310.7,31.8,46.5,4.6,176.9,7.19,0,3134.5
2026-06-01 02:10:00,369.6,35.0,46.4,5.1,178.8,7.36,0,2990.6
2026-06-01 02:15:00,349.7,25.4,42.6,4.9,193.0,7.32,0,3185.4
2026-06-01 02:20:00,341.9,30.3,43.9,4.5,164.4,7.29,0,2978.5
2026-06-01 02:25:00,326.8,26.7,44.4,4.9,214.9,7.36,0,2977.5
2026-06-01 02:30:00,321.8,29.1,44.8,4.6,186.9,7.35,0,2957.0
2026-06-01 02:35:00,365.6,29.5,46.0,4.4,185.9,7.2,0,2839.0
2026-06-01 02:40:00,249.6,24.8,42.3,4.4,159.7,7.4,0,2936.4
2026-06-01 02:45:00,373.3,29.7,48.6,4.3,192.3,7.16,0,2878.2
2026-06-01 02:50:00,334.7,29.1,47.7,4.9,206.8,7.35,0,2810.9
2026-06-01 02:55:00,278.3,29.8,41.0,4.2,168.8,7.33,0,2825.7
2026-06-01 03:00:00,380.0,26.8,43.4,4.8,174.8,7.23,0,2780.8
2026-06-01 03:05:00,282.8,32.6,47.6,4.6,181.0,7.43,0,2768.9
2026-06-01 03:10:00,289.3,29.7,41.6,4.8,179.8,7.11,0,2720.3
2026-06-01 03:15:00,311.5,29.4,40.0,4.6,168.0,7.33,0,2754.9
2026-06-01 03:20:00,324.1,31.0,49.8,4.4,193.0,7.32,0,2765.9
2026-06-01 03:25:00,359.6,29.3,42.7,4.8,207.4,7.46,0,2695.9
2026-06-01 03:30:00,321.3,27.2,37.8,4.6,184.3,7.37,0,2758.7
2026-06-01 03:35:00,326.7,32.0,42.8,4.7,168.9,7.08,0,2642.8
2026-06-01 03:40:00,316.2,27.9,41.2,5.2,165.0,7.25,0,2826.6
2026-06-01 03:45:00,332.3,31.4,46.6,4.4,230.9,7.46,0,2703.6
2026-06-01 03:50:00,372.0,29.8,45.0,5.0,177.9,7.28,0,2692.3
2026-06-01 03:55:00,355.5,33.1,40.2,4.9,195.6,7.19,0,2781.0
2026-06-01 04:00:00,317.9,28.8,35.7,4.6,155.4,7.29,0,2846.4
2026-06-01 04:05:00,326.8,28.1,45.1,4.8,172.6,7.47,0,2844.5
2026-06-01 04:10:00,290.4,29.2,43.1,4.7,207.1,7.22,0,2939.9
2026-06-01 04:15:00,347.0,28.4,47.1,4.7,170.7,7.2,0,2913.7
2026-06-01 04:20:00,333.6,27.7,42.2,4.5,172.1,7.28,0,2953.8
2026-06-01 04:25:00,342.6,31.6,43.2,4.7,194.7,7.24,0,2998.7
2026-06-01 04:30:00,335.8,26.1,41.1,4.4,175.9,7.37,0,3155.0
2026-06-01 04:35:00,369.6,31.4,42.7,5.1,199.0,7.26,0,3072.0
2026-06-01 04:40:00,312.4,30.7,42.9,4.7,176.6,7.34,0,3305.0
2026-06-01 04:45:00,324.9,27.7,41.3,4.6,187.6,7.46,0,3325.5
2026-06-01 04:50:00,378.2,30.7,40.8,4.6,202.4,7.21,0,3175.5
2026-06-01 04:55:00,328.7,27.6,47.0,4.6,181.8,7.4,0,3369.6
2026-06-01 05:00:00,341.6,32.1,45.7,4.7,167.0,7.39,0,3324.4
2026-06-01 05:05:00,392.8,27.3,46.3,4.7,183.2,7.18,0,3435.0
2026-06-01 05:10:00,351.4,32.6,49.9,4.5,172.9,7.44,0,3374.1
2026-06-01 05:15:00,378.2,29.9,44.4,4.7,183.0,7.18,0,3541.2
2026-06-01 05:20:00,313.9,26.9,42.1,4.3,193.3,7.15,0,3811.4
2026-06-01 05:25:00,339.8,29.2,42.9,4.7,193.8,7.22,0,3616.9
2026-06-01 05:30:00,298.8,30.6,46.9,5.3,211.8,7.22,0,3795.6
2026-06-01 05:35:00,357.5,28.0,41.0,4.8,179.5,7.27,0,3814.8
2026-06-01 05:40:00,365.5,31.6,46.5,5.0,195.0,7.19,0,3829.8
2026-06-01 05:45:00,341.3,30.0,45.9,4.7,222.7,7.36,0,4032.1
2026-06-01 05:50:00,361.6,30.0,42.5,5.1,202.9,7.29,0,3965.7
2026-06-01 05:55:00,368.3,31.5,49.3,4.8,215.7,7.32,0,4065.1
2026-06-01 06:00:00,318.0,29.0,40.3,4.7,196.5,7.37,0,4153.4
2026-06-01 06:05:00,344.8,29.5,41.5,4.6,214.1,7.45,0,4301.3
2026-06-01 06:10:00,390.8,30.3,46.6,4.8,195.1,7.26,0,4230.9
2026-06-01 06:15:00,332.6,27.3,46.3,5.2,171.2,7.24,0,4523.8
2026-06-01 06:20:00,337.4,31.5,44.3,5.3,212.8,7.38,0,4235.1
2026-06-01 06:25:00,383.3,28.5,49.3,4.9,207.8,7.43,0,4402.1
2026-06-01 06:30:00,351.1,29.4,47.9,5.1,201.7,7.31,0,4629.4
2026-06-01 06:35:00,361.0,28.3,46.3,5.4,182.4,7.31,0,4527.5
2026-06-01 06:40:00,348.5,29.3,47.2,4.8,233.4,7.28,0,4656.0
2026-06-01 06:45:00,386.6,30.2,51.5,5.1,218.6,7.24,0,4609.3
2026-06-01 06:50:00,358.5,33.2,53.1,5.2,190.1,7.26,0,4623.2
2026-06-01 06:55:00,396.5,30.0,46.4,4.9,232.5,7.29,0,4765.7
2026-06-01 07:00:00,358.4,28.8,44.5,4.9,231.9,7.37,0,4944.8
2026-06-01 07:05:00,389.6,31.3,47.7,5.0,200.3,7.38,0,4866.6
2026-06-01 07:10:00,383.9,35.5,44.7,5.1,187.4,7.21,0,4970.3
2026-06-01 07:15:00,342.0,28.9,51.9,6.1,215.1,7.31,0,4980.6
2026-06-01 07:20:00,370.6,32.8,48.7,4.8,201.8,7.23,0,5150.1
2026-06-01 07:25:00,371.9,33.7,49.6,4.8,261.8,7.27,0,4965.4
2026-06-01 07:30:00,381.9,36.1,51.5,5.5,185.3,7.31,0,5164.5
2026-06-01 07:35:00,368.6,32.9,50.8,5.3,239.4,7.4,0,5184.6
2026-06-01 07:40:00,332.5,32.8,52.1,5.2,198.9,7.29,0,5168.2
2026-06-01 07:45:00,376.9,31.5,48.8,5.3,202.9,7.34,0,5433.5
2026-06-01 07:50:00,331.2,33.3,54.5,5.0,190.6,7.19,0,5158.3
2026-06-01 07:55:00,370.2,33.4,44.2,5.3,210.9,7.19,0,5418.8
2026-06-01 08:00:00,408.7,31.0,49.7,5.1,190.5,7.27,0,5463.3
2026-06-01 08:05:00,405.1,38.6,53.7,5.3,204.1,7.63,0,5403.3
2026-06-01 08:10:00,366.0,32.8,46.0,5.0,182.8,7.22,0,5688.3
2026-06-01 08:15:00,357.2,31.8,46.7,5.9,167.6,7.32,0,5550.0
2026-06-01 08:20:00,376.0,32.5,48.4,5.1,204.9,7.34,0,5447.9
2026-06-01 08:25:00,391.0,32.1,48.3,4.9,237.2,7.3,0,5617.1
2026-06-01 08:30:00,358.4,32.8,52.6,5.5,215.1,7.24,0,5515.8
2026-06-01 08:35:00,385.4,34.1,49.4,5.6,206.5,7.36,0,5539.6
2026-06-01 08:40:00,346.3,32.5,51.1,4.7,265.1,7.21,0,5724.5
2026-06-01 08:45:00,363.0,35.1,49.9,5.3,161.4,7.34,0,5670.4
2026-06-01 08:50:00,355.2,30.1,50.7,4.8,216.2,7.24,0,5738.5
2026-06-01 08:55:00,402.7,34.3,51.7,5.1,191.8,7.4,0,5344.8
2026-06-01 09:00:00,383.1,30.5,48.0,5.1,211.3,7.12,0,5666.7
2026-06-01 09:05:00,409.4,30.8,43.8,4.9,193.8,7.29,0,5797.6
2026-06-01 09:10:00,378.5,32.4,42.8,5.0,196.2,7.19,0,5498.7
2026-06-01 09:15:00,379.3,34.1,47.7,5.0,216.0,7.38,0,5638.7
2026-06-01 09:20:00,401.3,31.5,41.7,5.1,206.3,7.38,0,5586.6
2026-06-01 09:25:00,367.2,34.9,48.0,5.4,194.8,7.04,0,5681.8
2026-06-01 09:30:00,379.2,35.8,51.4,5.0,181.8,7.18,0,5527.7
2026-06-01 09:35:00,380.2,33.5,48.2,5.2,225.9,7.39,0,5661.7
2026-06-01 09:40:00,359.3,30.5,40.8,4.7,204.7,7.29,0,5523.8
2026-06-01 09:45:00,357.1,33.5,45.1,4.9,183.7,7.36,0,5836.3
2026-06-01 09:50:00,351.0,31.4,49.9,5.4,173.7,7.3,0,5554.2
2026-06-01 09:55:00,348.3,30.4,50.1,4.9,214.9,7.32,0,5741.2
2026-06-01 10:00:00,413.3,33.0,49.5,5.3,202.4,7.4,0,5535.4
2026-06-01 10:05:00,370.1,31.0,48.9,4.6,212.2,7.18,0,5396.1
2026-06-01 10:10:00,374.7,34.8,49.8,4.9,261.3,7.26,0,5412.8
2026-06-01 10:15:00,308.5,33.6,53.4,5.3,225.0,7.2,0,5419.4
2026-06-01 10:20:00,397.0,39.9,50.8,5.6,207.1,7.33,0,5101.2
2026-06-01 10:25:00,404.5,32.2,43.2,5.7,172.7,7.17,0,5415.1
2026-06-01 10:30:00,348.2,31.8,46.7,5.4,241.1,7.39,0,5297.0
2026-06-01 10:35:00,387.2,35.6,45.5,5.5,208.6,7.25,0,5301.6
2026-06-01 10:40:00,349.0,28.2,44.2,4.8,257.3,7.35,0,5273.3
2026-06-01 10:45:00,338.8,33.4,47.2,5.3,189.6,7.23,0,5039.3
2026-06-01 10:50:00,355.7,31.7,55.8,4.7,179.5,7.38,0,5145.4
2026-06-01 10:55:00,350.3,34.3,44.9,5.5,235.4,7.42,0,5100.4
2026-06-01 11:00:00,376.6,38.8,47.5,5.2,210.6,7.38,0,4937.0
2026-06-01 11:05:00,347.5,29.7,54.2,5.1,230.8,7.21,0,5171.5
2026-06-01 11:10:00,329.5,32.8,47.5,4.2,179.8,7.45,0,5175.6
2026-06-01 11:15:00,377.6,34.7,48.9,4.4,179.3,7.37,0,4914.4
2026-06-01 11:20:00,384.2,33.9,48.5,5.6,183.3,7.24,0,4966.6
2026-06-01 11:25:00,376.6,32.2,48.0,6.2,147.3,7.33,0,4874.9
2026-06-01 11:30:00,368.0,33.2,46.4,5.2,193.1,7.45,0,4810.6
2026-06-01 11:35:00,362.5,30.1,48.6,5.6,165.4,7.21,0,4768.0
2026-06-01 11:40:00,382.8,35.8,50.0,5.0,204.7,7.21,0,4656.9
2026-06-01 11:45:00,345.6,29.2,42.0,4.6,200.9,7.29,0,4778.7
2026-06-01 11:50:00,382.5,30.0,46.4,5.6,184.5,7.16,0,4652.3
2026-06-01 11:55:00,327.5,30.5,41.7,4.9,212.7,7.31,0,4737.2
2026-06-01 12:00:00,324.0,30.6,44.8,5.0,205.3,7.37,0,4609.4
2026-06-01 12:05:00,380.3,32.9,49.5,5.7,228.7,7.32,0,4513.2
2026-06-01 12:10:00,339.4,31.1,46.3,5.0,238.9,7.23,0,4530.7
2026-06-01 12:15:00,338.8,29.4,45.8,4.6,204.1,7.39,0,4599.2
2026-06-01 12:20:00,337.2,29.3,39.4,4.6,209.9,7.28,0,4509.6
2026-06-01 12:25:00,376.4,34.1,43.7,5.1,212.7,7.22,0,4433.1
2026-06-01 12:30:00,328.8,31.2,42.0,5.1,239.4,7.33,0,4637.6
2026-06-01 12:35:00,396.5,29.5,43.0,5.1,172.3,7.42,0,4350.0
2026-06-01 12:40:00,362.7,31.5,45.9,4.8,189.0,7.24,0,4566.4
2026-06-01 12:45:00,353.1,29.8,45.7,4.7,172.6,7.46,0,4530.7
2026-06-01 12:50:00,382.5,27.6,48.0,4.8,187.5,7.31,0,4490.7
2026-06-01 12:55:00,330.0,28.3,49.4,5.4,192.2,7.31,0,4462.7
2026-06-01 13:00:00,363.0,33.4,51.2,5.0,182.3,7.31,0,4312.1
2026-06-01 13:05:00,309.2,33.9,48.0,4.8,208.0,7.24,0,4316.7
2026-06-01 13:10:00,330.3,31.1,45.3,5.3,209.6,7.17,0,4518.3
2026-06-01 13:15:00,319.3,29.0,46.3,4.8,199.3,7.5,0,4430.2
2026-06-01 13:20:00,369.5,31.6,43.2,4.9,205.8,7.18,0,4370.6
2026-06-01 13:25:00,384.8,32.2,47.7,5.0,234.6,7.42,0,4267.9
2026-06-01 13:30:00,354.0,26.8,45.8,4.6,206.3,7.47,0,4231.5
2026-06-01 13:35:00,411.4,32.8,44.0,5.0,172.5,7.23,0,4199.6
2026-06-01 13:40:00,340.1,31.7,41.9,5.1,183.2,7.36,0,4232.5
2026-06-01 13:45:00,329.7,35.4,39.8,4.9,181.7,7.37,0,4262.8
2026-06-01 13:50:00,340.5,34.5,45.5,5.2,227.1,7.37,0,4294.6
2026-06-01 13:55:00,352.6,30.0,43.4,4.6,188.8,7.24,0,4378.5
2026-06-01 14:00:00,357.7,30.4,42.4,4.8,178.4,7.26,0,4454.4
2026-06-01 14:05:00,358.9,30.2,41.8,4.7,176.1,7.38,0,4397.7
2026-06-01 14:10:00,354.6,30.8,45.9,5.4,187.4,7.14,0,4159.9
2026-06-01 14:15:00,382.4,28.8,43.9,5.5,186.6,7.1,0,4201.8
2026-06-01 14:20:00,348.5,30.2,47.5,5.4,183.6,7.31,0,4184.8
2026-06-01 14:25:00,405.5,29.4,47.3,4.9,216.2,7.29,0,4360.5
2026-06-01 14:30:00,369.7,32.6,44.2,4.9,193.0,7.32,0,4336.0
2026-06-01 14:35:00,313.2,31.6,49.8,5.0,197.2,7.23,0,4229.8
2026-06-01 14:40:00,343.2,29.9,44.2,4.6,213.7,7.38,0,4265.8
2026-06-01 14:45:00,335.3,29.4,40.8,5.2,215.2,7.38,0,4298.3
2026-06-01 14:50:00,393.3,31.3,49.5,4.3,186.8,7.32,0,4331.3
2026-06-01 14:55:00,325.1,29.6,39.6,4.7,223.0,7.17,0,4396.1
2026-06-01 15:00:00,304.0,28.8,44.6,5.4,198.6,7.4,0,4313.9
2026-06-01 15:05:00,376.2,29.3,48.7,4.5,187.3,7.12,0,4285.3
2026-06-01 15:10:00,289.9,33.9,49.4,5.1,217.3,7.17,0,4346.3
2026-06-01 15:15:00,347.3,30.8,46.1,5.2,207.0,7.38,0,4301.4
2026-06-01 15:20:00,367.8,32.7,44.4,4.8,205.2,7.19,0,4363.5
2026-06-01 15:25:00,346.9,27.8,52.4,4.7,192.2,7.23,0,4323.0
2026-06-01 15:30:00,375.3,32.4,47.9,4.4,199.5,7.31,0,4453.5
2026-06-01 15:35:00,353.5,31.6,48.2,4.7,185.0,7.39,0,4473.1
2026-06-01 15:40:00,336.3,32.8,48.0,4.8,195.5,7.36,0,4357.3
2026-06-01 15:45:00,344.9,26.9,46.3,4.4,191.4,7.43,0,4569.8
2026-06-01 15:50:00,390.4,31.0,47.1,5.3,204.8,7.25,0,4420.0
2026-06-01 15:55:00,357.3,29.3,45.8,4.7,230.8,7.21,0,4454.4
2026-06-01 16:00:00,356.3,28.1,40.3,5.0,196.7,7.17,0,4560.4
2026-06-01 16:05:00,351.3,26.5,41.2,4.5,216.1,7.31,0,4629.6
2026-06-01 16:10:00,332.7,28.4,47.4,5.0,203.2,7.33,0,4572.6
2026-06-01 16:15:00,318.6,28.8,49.7,5.0,223.7,7.54,0,4515.6
2026-06-01 16:20:00,367.5,32.9,47.6,5.4,235.0,7.36,0,4471.4
2026-06-01 16:25:00,385.4,29.9,43.4,4.5,190.7,7.13,0,4554.0
2026-06-01 16:30:00,365.5,30.6,46.8,4.7,166.8,7.41,0,4600.7
2026-06-01 16:35:00,325.9,33.2,47.5,5.2,176.3,7.22,0,4606.0
2026-06-01 16:40:00,368.6,31.6,41.7,4.8,221.4,7.17,0,4569.4
2026-06-01 16:45:00,384.2,30.4,52.0,5.0,208.2,7.4,0,4543.6
2026-06-01 16:50:00,382.7,31.6,49.2,5.2,182.2,7.38,0,4655.6
2026-06-01 16:55:00,377.3,30.3,44.7,5.0,234.6,7.41,0,4599.4
2026-06-01 17:00:00,377.7,29.1,48.5,5.3,196.0,7.24,0,4528.0
2026-06-01 17:05:00,352.4,32.7,47.1,5.1,195.3,7.52,0,4626.7
2026-06-01 17:10:00,359.6,33.0,51.4,5.0,196.9,7.39,0,4693.3
2026-06-01 17:15:00,388.5,31.7,46.4,4.7,228.8,7.2,0,4687.0
2026-06-01 17:20:00,341.5,31.2,43.8,4.9,187.7,7.52,0,4809.3
2026-06-01 17:25:00,351.5,31.6,48.3,5.4,229.6,7.36,0,4693.9
2026-06-01 17:30:00,386.6,35.4,45.5,5.1,215.3,7.3,0,4731.2
2026-06-01 17:35:00,361.8,31.5,49.1,5.1,231.9,7.24,0,4992.5
2026-06-01 17:40:00,387.7,30.9,46.5,4.9,219.9,6.98,0,4989.2
2026-06-01 17:45:00,381.1,33.4,44.0,5.2,211.7,7.38,0,4956.1
2026-06-01 17:50:00,342.4,32.9,44.4,4.8,219.0,7.24,0,5092.5
2026-06-01 17:55:00,404.0,33.2,47.1,4.8,206.9,7.28,0,4910.9
2026-06-01 18:00:00,366.2,33.3,46.2,5.3,190.8,7.29,0,5083.5
2026-06-01 18:05:00,382.3,33.1,43.3,4.8,219.1,7.21,0,5017.9
2026-06-01 18:10:00,347.8,31.1,43.3,4.8,204.2,7.35,0,5214.9
2026-06-01 18:15:00,375.8,33.8,48.5,5.1,232.0,7.22,0,5114.8
2026-06-01 18:20:00,361.7,30.8,52.6,4.7,231.5,7.14,0,5027.5
2026-06-01 18:25:00,312.0,29.4,45.3,4.8,218.5,7.31,0,5283.8
2026-06-01 18:30:00,410.9,33.3,48.8,5.0,227.1,7.24,0,5127.8
2026-06-01 18:35:00,357.3,31.6,56.2,5.2,217.0,7.1,0,5071.0
2026-06-01 18:40:00,345.6,32.8,47.5,4.9,217.4,7.18,0,5375.7
2026-06-01 18:45:00,350.5,32.3,42.1,5.0,194.1,7.32,0,5306.5
2026-06-01 18:50:00,416.6,36.9,50.8,5.2,212.7,7.31,0,5170.3
2026-06-01 18:55:00,381.0,30.4,49.1,5.6,216.8,7.44,0,5270.9
2026-06-01 19:00:00,384.9,34.2,47.2,5.9,215.4,7.42,0,5287.3
2026-06-01 19:05:00,398.7,31.9,45.9,5.4,213.6,7.34,0,5224.5
2026-06-01 19:10:00,393.9,33.5,51.7,5.2,212.5,7.23,0,5244.9
2026-06-01 19:15:00,376.3,33.8,40.7,4.9,251.5,7.25,0,5341.2
2026-06-01 19:20:00,367.8,32.5,46.4,4.9,211.2,7.34,0,5471.3
2026-06-01 19:25:00,397.7,32.8,46.7,5.0,223.9,7.4,0,5468.1
2026-06-01 19:30:00,348.1,33.6,47.0,5.6,209.2,7.35,0,5330.1
2026-06-01 19:35:00,346.0,31.4,47.5,4.8,215.7,7.25,0,5488.6
2026-06-01 19:40:00,374.8,33.1,43.7,5.2,191.1,7.32,0,5567.4
2026-06-01 19:45:00,385.6,34.8,51.1,5.1,196.9,7.27,0,5319.6
2026-06-01 19:50:00,358.7,31.3,56.3,5.4,198.9,7.09,0,5496.2
2026-06-01 19:55:00,424.5,30.9,46.0,5.1,180.0,7.28,0,5420.9
2026-06-01 20:00:00,347.2,33.2,50.1,5.0,211.8,7.26,0,5390.6
2026-06-01 20:05:00,372.6,32.9,49.1,5.0,190.6,7.38,0,5421.0
2026-06-01 20:10:00,371.8,28.9,48.5,5.7,186.7,7.19,0,5504.6
2026-06-01 20:15:00,371.8,33.7,48.5,5.3,254.1,7.2,0,5275.9
2026-06-01 20:20:00,356.5,30.9,48.7,5.5,233.2,7.41,0,5406.5
2026-06-01 20:25:00,367.1,28.9,49.6,5.4,252.0,7.21,0,5359.1
2026-06-01 20:30:00,406.2,33.2,50.9,5.4,207.8,7.23,0,5391.5
2026-06-01 20:35:00,363.7,30.2,50.9,5.1,203.0,7.35,0,5358.4
2026-06-01 20:40:00,385.1,35.4,53.1,5.2,217.5,7.37,0,5285.2
2026-06-01 20:45:00,344.0,32.7,44.7,4.7,217.2,7.44,0,5553.4
2026-06-01 20:50:00,407.3,34.6,51.8,5.1,202.1,7.26,0,5057.1
2026-06-01 20:55:00,389.3,34.6,47.5,5.1,193.3,7.27,0,5380.0
2026-06-01 21:00:00,361.2,33.8,50.3,5.0,221.4,7.28,0,5362.4
2026-06-01 21:05:00,383.9,30.5,43.8,5.1,176.0,7.24,0,5289.9
2026-06-01 21:10:00,364.1,34.0,51.3,5.4,220.8,7.34,0,5290.2
2026-06-01 21:15:00,364.6,30.5,48.6,5.7,202.3,7.27,0,5305.8
2026-06-01 21:20:00,381.9,34.3,52.3,4.9,224.4,7.18,0,5161.6
2026-06-01 21:25:00,377.2,31.6,48.7,5.3,230.3,7.12,0,5154.8
2026-06-01 21:30:00,374.7,29.9,48.0,5.0,219.7,7.29,0,5135.6
2026-06-01 21:35:00,331.1,32.6,45.8,4.6,183.5,7.36,0,5192.0
2026-06-01 21:40:00,335.7,30.8,46.4,5.8,176.4,7.23,0,5169.5
2026-06-01 21:45:00,335.0,34.8,43.1,5.2,174.6,7.17,0,4983.6
2026-06-01 21:50:00,335.1,34.5,47.6,5.0,196.5,7.45,0,5057.3
2026-06-01 21:55:00,379.7,29.0,47.0,5.5,176.0,7.26,0,4974.5
2026-06-01 22:00:00,363.7,32.5,49.0,6.0,204.9,7.39,0,4914.8
2026-06-01 22:05:00,353.7,33.4,46.2,5.3,187.2,7.41,0,4933.6
2026-06-01 22:10:00,412.3,32.8,49.8,6.0,193.5,7.45,0,4841.8
2026-06-01 22:15:00,404.0,33.3,49.1,5.3,204.7,7.29,0,4746.8
2026-06-01 22:20:00,327.7,32.2,42.3,5.4,212.6,7.16,0,4904.3
2026-06-01 22:25:00,337.2,28.1,46.8,4.7,188.0,7.11,0,4959.5
2026-06-01 22:30:00,343.5,34.9,50.1,4.9,195.3,7.27,0,4810.1
2026-06-01 22:35:00,356.3,32.3,49.1,5.1,211.0,7.47,0,4900.8
2026-06-01 22:40:00,328.1,29.9,44.2,5.4,201.0,7.31,0,4858.4
2026-06-01 22:45:00,352.1,30.7,43.8,5.0,200.2,7.44,0,4674.8
2026-06-01 22:50:00,375.5,33.7,51.2,5.4,216.9,7.2,0,4652.7
2026-06-01 22:55:00,367.5,32.9,49.8,5.3,184.6,7.45,0,4569.7
2026-06-01 23:00:00,329.7,32.0,44.2,4.9,219.3,7.37,0,4700.8
2026-06-01 23:05:00,357.7,32.1,44.3,5.2,248.5,7.31,0,4700.9
2026-06-01 23:10:00,361.6,31.8,47.2,4.8,207.8,7.39,0,4628.3
2026-06-01 23:15:00,368.7,28.3,50.2,5.4,192.8,7.24,0,4533.6
2026-06-01 23:20:00,328.3,30.6,46.1,5.0,172.5,7.35,0,4574.1
2026-06-01 23:25:00,373.6,31.9,42.2,5.2,191.4,7.22,0,4621.9
2026-06-01 23:30:00,342.7,32.1,41.0,5.0,208.5,7.24,0,4590.5
2026-06-01 23:35:00,329.0,30.0,44.1,5.0,198.7,7.21,0,4562.1
2026-06-01 23:40:00,356.0,31.0,44.2,4.0,199.8,7.21,0,4523.6
2026-06-01 23:45:00,362.4,32.6,42.7,4.7,198.5,7.13,0,4578.2
2026-06-01 23:50:00,376.3,34.5,51.7,4.8,190.6,7.53,0,4369.7
2026-06-01 23:55:00,388.1,32.2,42.8,5.2,199.2,7.18,0,4385.0
2026-06-02 00:00:00,342.0,32.8,44.6,4.9,180.5,7.4,0,3905.2
2026-06-02 00:05:00,317.3,31.4,52.1,4.4,198.1,7.13,0,3928.3
2026-06-02 00:10:00,331.8,30.9,42.3,4.9,199.1,7.24,0,4055.2
2026-06-02 00:15:00,293.4,30.9,46.3,4.9,223.2,7.26,0,3858.4
2026-06-02 00:20:00,335.2,29.8,50.2,4.9,180.6,7.44,0,3836.8
2026-06-02 00:25:00,352.3,34.9,46.8,5.2,209.8,7.33,0,3737.8
2026-06-02 00:30:00,332.4,33.2,46.0,4.9,211.7,7.19,0,3892.0
2026-06-02 00:35:00,357.3,30.4,43.7,5.5,190.1,7.28,0,3812.3
2026-06-02 00:40:00,336.2,30.2,41.9,5.0,181.7,7.42,0,3890.7
2026-06-02 00:45:00,345.2,29.7,39.9,4.7,220.4,7.41,0,3859.5
2026-06-02 00:50:00,358.9,31.0,45.7,5.1,168.9,7.23,0,3639.1
2026-06-02 00:55:00,314.3,30.4,46.3,4.8,178.1,7.15,0,3683.2
2026-06-02 01:00:00,347.6,31.4,49.2,4.6,172.8,7.24,0,3746.0
2026-06-02 01:05:00,337.3,28.5,44.3,5.2,180.2,7.37,0,3563.7
2026-06-02 01:10:00,340.6,28.3,47.3,5.2,188.4,7.12,0,3649.8
2026-06-02 01:15:00,370.2,33.3,49.9,5.0,221.2,7.28,0,3364.7
2026-06-02 01:20:00,325.8,30.3,42.9,5.0,184.1,7.18,0,3497.1
2026-06-02 01:25:00,331.1,32.6,45.4,4.6,232.3,7.25,0,3417.5
2026-06-02 01:30:00,334.1,29.4,43.9,4.9,208.8,7.35,0,3492.4
2026-06-02 01:35:00,332.5,30.7,41.2,4.5,181.5,7.29,0,3352.5
2026-06-02 01:40:00,368.2,28.9,43.1,4.8,181.4,7.37,0,3390.7
2026-06-02 01:45:00,335.2,31.8,41.7,4.8,194.2,7.42,0,3328.3
2026-06-02 01:50:00,319.1,31.7,44.4,5.2,191.5,7.67,0,3202.6
2026-06-02 01:55:00,372.8,27.1,43.1,4.1,167.6,7.39,0,3266.7
2026-06-02 02:00:00,340.0,30.3,43.6,5.1,175.5,7.36,0,3202.5
2026-06-02 02:05:00,345.7,32.3,43.8,5.2,159.8,7.23,0,3032.7
2026-06-02 02:10:00,362.1,29.1,40.8,4.8,221.8,7.39,0,3119.3
2026-06-02 02:15:00,344.2,30.9,39.6,4.7,191.0,7.46,0,3019.3
2026-06-02 02:20:00,329.5,31.3,45.9,5.0,182.1,7.23,0,3038.5
2026-06-02 02:25:00,300.1,28.9,43.6,5.2,175.1,7.24,0,2989.5
2026-06-02 02:30:00,281.6,29.2,45.5,4.5,176.9,7.24,0,2999.6
2026-06-02 02:35:00,350.3,27.8,42.4,5.0,159.7,7.17,0,2963.1
2026-06-02 02:40:00,343.5,30.6,44.2,5.0,189.9,7.3,0,2832.8
2026-06-02 02:45:00,331.1,27.8,43.3,5.1,201.1,7.17,0,2821.0
2026-06-02 02:50:00,330.2,30.4,42.7,4.9,215.6,7.29,0,2811.3
2026-06-02 02:55:00,330.0,31.1,43.1,4.6,201.0,7.33,0,2863.3
2026-06-02 03:00:00,346.1,27.7,42.9,4.4,200.0,7.33,0,2762.1
2026-06-02 03:05:00,313.0,31.1,45.6,4.5,207.6,7.25,0,2786.5
2026-06-02 03:10:00,328.2,28.4,46.1,4.8,182.9,7.15,0,2806.1
2026-06-02 03:15:00,340.2,27.9,46.7,4.6,160.8,7.42,0,2749.8
2026-06-02 03:20:00,309.4,27.7,45.7,4.0,200.1,7.12,0,2836.7
2026-06-02 03:25:00,289.1,29.4,40.8,4.5,172.4,7.31,0,2710.3
2026-06-02 03:30:00,311.5,28.0,45.9,4.3,184.0,7.45,0,2771.4
2026-06-02 03:35:00,302.0,30.8,43.2,4.7,167.0,7.31,0,2769.3
2026-06-02 03:40:00,352.9,28.5,43.5,4.9,207.3,7.43,0,2763.9
2026-06-02 03:45:00,325.3,30.9,43.4,4.9,201.7,7.35,0,2652.0
2026-06-02 03:50:00,312.7,32.9,42.7,4.3,160.0,7.16,0,2771.8
2026-06-02 03:55:00,329.7,29.8,39.1,4.7,188.2,7.43,0,2710.0
2026-06-02 04:00:00,351.6,28.6,45.4,4.4,205.9,7.24,0,2804.0
2026-06-02 04:05:00,349.9,28.6,43.1,4.6,184.3,7.26,0,2855.6
2026-06-02 04:10:00,302.4,29.8,40.4,4.7,186.7,7.37,0,3024.3
2026-06-02 04:15:00,319.1,28.7,46.5,4.6,205.4,7.21,0,2970.0
2026-06-02 04:20:00,336.9,30.4,44.7,4.8,182.6,7.39,0,2902.6
2026-06-02 04:25:00,360.6,28.0,41.3,5.1,186.3,7.34,0,3016.5
2026-06-02 04:30:00,291.1,28.7,43.5,4.4,203.1,7.47,0,3074.0
2026-06-02 04:35:00,306.3,31.1,48.5,5.0,169.7,7.41,0,3101.0
2026-06-02 04:40:00,385.2,27.0,43.8,4.6,176.2,7.28,0,3144.9
2026-06-02 04:45:00,364.9,26.8,46.9,5.5,157.2,7.26,0,3159.8
2026-06-02 04:50:00,305.5,28.6,42.1,4.8,228.2,7.23,0,3272.2
2026-06-02 04:55:00,400.4,28.9,45.5,4.2,192.8,7.27,0,3321.6
2026-06-02 05:00:00,347.9,28.9,44.5,4.6,211.1,7.21,0,3407.4
2026-06-02 05:05:00,337.2,29.0,44.0,4.4,168.7,7.27,0,3478.1
2026-06-02 05:10:00,365.8,29.5,42.8,5.3,215.9,7.17,0,3537.3
2026-06-02 05:15:00,323.8,29.3,44.1,4.6,186.9,7.2,0,3550.4
2026-06-02 05:20:00,334.5,32.7,40.1,5.2,219.7,7.44,0,3593.8
2026-06-02 05:25:00,340.9,31.3,40.2,5.0,189.8,7.17,0,3723.4
2026-06-02 05:30:00,361.8,30.6,41.8,4.6,173.2,7.16,0,3671.9
2026-06-02 05:35:00,371.7,33.7,43.4,4.7,216.0,7.23,0,3610.3
2026-06-02 05:40:00,364.3,26.7,46.4,5.4,196.5,7.44,0,3729.1
2026-06-02 05:45:00,353.3,32.4,46.1,5.0,173.0,7.21,0,3781.6
2026-06-02 05:50:00,352.8,31.9,42.5,4.9,164.2,7.27,0,4039.4
2026-06-02 05:55:00,355.1,29.6,49.2,5.0,205.3,7.33,0,4070.9
2026-06-02 06:00:00,345.7,31.3,44.7,4.0,197.1,7.35,0,4190.5
2026-06-02 06:05:00,343.2,29.5,48.2,4.9,202.3,7.29,0,4234.1
2026-06-02 06:10:00,335.4,31.0,41.4,5.2,203.4,7.34,0,4343.8
2026-06-02 06:15:00,316.1,28.0,46.6,4.4,196.5,7.4,0,4417.5
2026-06-02 06:20:00,378.5,32.3,48.5,5.1,207.5,7.17,0,4466.4
2026-06-02 06:25:00,365.3,30.7,47.0,4.9,214.9,7.23,0,4532.6
2026-06-02 06:30:00,366.8,30.8,44.2,4.5,198.0,7.22,0,4656.7
2026-06-02 06:35:00,320.0,30.1,44.3,4.9,212.0,7.26,0,4760.7
2026-06-02 06:40:00,347.8,33.5,48.0,5.0,213.6,7.42,0,4637.8
2026-06-02 06:45:00,347.8,31.1,46.0,5.3,224.2,7.4,0,4834.5
2026-06-02 06:50:00,373.0,33.9,51.1,5.0,157.7,7.29,0,4693.4
2026-06-02 06:55:00,348.8,31.1,45.3,5.5,194.8,7.38,0,4755.2
2026-06-02 07:00:00,387.6,31.9,48.7,4.9,215.2,7.51,0,5023.1
2026-06-02 07:05:00,381.9,34.8,48.4,5.2,247.3,7.18,0,4926.5
2026-06-02 07:10:00,381.0,36.3,50.0,5.2,229.1,7.23,0,4804.0
2026-06-02 07:15:00,380.9,27.8,48.6,5.0,230.1,7.27,0,4900.9
2026-06-02 07:20:00,366.7,32.9,51.9,5.5,260.5,7.34,0,4992.8
2026-06-02 07:25:00,360.1,30.0,46.6,5.3,204.5,7.35,0,4999.3
2026-06-02 07:30:00,310.9,31.2,44.4,5.0,249.4,7.19,0,5221.5
2026-06-02 07:35:00,394.2,31.8,49.2,5.6,221.2,7.32,0,5120.9
2026-06-02 07:40:00,372.1,33.7,46.6,5.7,187.1,7.38,0,5224.3
2026-06-02 07:45:00,400.4,32.5,49.9,5.1,172.2,7.18,0,5230.1
2026-06-02 07:50:00,393.6,31.9,55.6,5.9,203.4,7.32,0,5187.4
2026-06-02 07:55:00,379.8,34.5,50.2,5.1,222.2,7.24,0,5228.1
2026-06-02 08:00:00,366.3,30.0,48.4,5.2,203.2,7.16,0,5502.2
2026-06-02 08:05:00,352.8,30.9,53.0,5.5,211.4,7.4,0,5471.1
2026-06-02 08:10:00,368.9,34.1,53.3,4.4,249.3,7.35,0,5115.5
2026-06-02 08:15:00,354.7,32.7,52.6,5.0,210.4,7.21,0,5422.3
2026-06-02 08:20:00,345.1,32.5,47.3,5.0,250.8,7.39,0,5615.0
2026-06-02 08:25:00,364.6,32.7,48.2,5.3,226.1,7.51,0,5600.9
2026-06-02 08:30:00,375.0,30.3,45.1,5.0,232.4,7.31,0,5793.7
2026-06-02 08:35:00,391.0,33.4,50.6,4.5,205.4,7.16,0,5545.3
2026-06-02 08:40:00,337.2,32.7,50.1,5.1,208.7,7.27,0,5629.8
2026-06-02 08:45:00,400.4,33.4,52.1,4.8,210.7,7.11,0,5500.0
2026-06-02 08:50:00,389.4,30.8,52.0,5.2,208.6,7.29,0,5433.8
2026-06-02 08:55:00,387.1,33.5,48.3,5.1,224.2,7.26,0,5653.7
2026-06-02 09:00:00,388.9,34.2,51.1,5.4,237.7,7.38,0,5571.5
2026-06-02 09:05:00,319.6,32.5,50.7,4.9,262.4,7.24,0,5915.0
2026-06-02 09:10:00,383.2,33.5,50.1,5.3,195.8,7.39,0,5547.0
2026-06-02 09:15:00,410.6,35.2,45.6,5.1,210.4,7.22,0,5560.5
2026-06-02 09:20:00,346.8,33.7,46.1,5.4,231.3,7.29,0,5609.0
2026-06-02 09:25:00,346.6,31.3,48.8,4.8,211.6,7.16,0,5694.6
2026-06-02 09:30:00,323.5,32.1,45.7,5.1,182.9,7.19,0,5672.0
2026-06-02 09:35:00,375.8,32.7,49.2,5.1,226.7,7.38,0,5376.5
2026-06-02 09:40:00,331.5,30.0,46.2,5.0,193.0,7.41,0,5688.6
2026-06-02 09:45:00,354.8,34.1,50.3,5.3,213.8,7.23,0,5505.8
2026-06-02 09:50:00,399.4,33.9,56.6,5.2,245.6,7.35,0,5207.2
2026-06-02 09:55:00,390.3,33.9,44.5,5.2,224.1,7.38,0,5478.4
2026-06-02 10:00:00,335.3,36.9,52.9,5.2,222.3,7.19,0,5341.4
2026-06-02 10:05:00,352.7,33.8,50.4,5.7,240.1,7.35,0,5553.4
2026-06-02 10:10:00,363.2,30.4,49.1,5.3,206.0,7.3,0,5433.3
2026-06-02 10:15:00,359.8,30.7,47.0,5.2,215.5,7.34,0,5481.1
2026-06-02 10:20:00,378.6,32.7,49.6,4.8,204.4,7.29,0,5461.3
2026-06-02 10:25:00,390.8,33.5,49.1,4.4,224.1,7.09,0,5252.6
2026-06-02 10:30:00,386.6,34.7,47.7,5.0,179.9,7.32,0,5293.5
2026-06-02 10:35:00,365.4,30.8,42.1,4.6,188.8,7.28,0,5351.5
2026-06-02 10:40:00,360.7,29.6,49.4,5.2,207.6,7.27,0,5220.2
2026-06-02 10:45:00,362.0,30.9,53.1,5.3,219.1,7.14,0,5076.2
2026-06-02 10:50:00,369.3,33.4,42.9,5.1,245.5,7.4,0,5272.9
2026-06-02 10:55:00,347.5,32.4,45.5,5.1,187.6,7.3,0,5090.8
2026-06-02 11:00:00,352.8,34.1,47.4,4.9,204.3,7.1,0,4971.9
2026-06-02 11:05:00,362.1,30.2,45.4,4.7,210.6,7.44,0,5206.8
2026-06-02 11:10:00,395.9,31.7,47.6,5.5,181.4,7.34,0,4788.4
2026-06-02 11:15:00,368.9,33.6,52.1,5.8,189.4,7.39,0,4875.8
2026-06-02 11:20:00,381.6,29.6,54.0,5.2,167.7,7.27,0,4849.4
2026-06-02 11:25:00,350.8,32.1,47.4,5.1,215.4,7.3,0,4955.6
2026-06-02 11:30:00,361.6,35.1,46.0,5.7,187.4,7.41,0,4801.3
2026-06-02 11:35:00,374.8,27.8,48.6,5.1,228.5,7.34,0,4735.2
2026-06-02 11:40:00,337.2,29.2,43.3,4.7,211.7,7.29,0,4866.9
2026-06-02 11:45:00,370.5,31.1,46.0,5.1,199.0,7.24,0,4808.7
2026-06-02 11:50:00,357.1,30.8,49.1,5.6,187.4,7.04,0,4675.8
2026-06-02 11:55:00,354.3,31.1,48.8,5.3,210.1,7.39,0,4693.8
2026-06-02 12:00:00,369.5,36.5,49.9,5.2,197.0,7.39,0,4537.5
2026-06-02 12:05:00,378.5,30.3,46.0,4.5,212.7,7.37,0,4592.3
2026-06-02 12:10:00,311.4,31.0,47.5,4.6,224.9,7.41,0,4579.3
2026-06-02 12:15:00,339.6,30.3,47.2,5.3,186.1,7.21,0,4441.1
2026-06-02 12:20:00,392.7,29.7,51.1,5.1,192.5,7.27,0,4383.9
2026-06-02 12:25:00,370.7,32.4,48.4,5.0,226.7,7.25,0,4473.6
2026-06-02 12:30:00,340.3,27.6,50.4,5.2,228.7,7.1,0,4581.3
2026-06-02 12:35:00,353.9,28.4,47.2,4.6,181.2,7.24,0,4516.5
2026-06-02 12:40:00,373.5,31.6,44.9,4.9,183.6,7.32,0,4390.8
2026-06-02 12:45:00,369.9,30.7,41.2,5.1,183.2,7.4,0,4654.2
2026-06-02 12:50:00,354.3,30.1,48.2,4.7,204.8,7.35,0,4311.9
2026-06-02 12:55:00,379.3,29.4,39.7,5.3,172.1,7.24,0,4437.5
2026-06-02 13:00:00,371.2,28.3,46.0,5.2,200.5,7.4,0,4327.1
2026-06-02 13:05:00,327.3,31.2,43.9,4.8,198.9,7.33,0,4464.3
2026-06-02 13:10:00,342.6,31.2,44.4,5.0,187.3,7.14,0,4335.0
2026-06-02 13:15:00,382.1,31.2,47.1,5.1,201.2,7.32,0,4311.6
2026-06-02 13:20:00,377.2,28.0,42.8,5.1,201.1,7.38,0,4404.1
2026-06-02 13:25:00,354.3,32.6,42.2,4.4,192.1,7.36,0,4296.1
2026-06-02 13:30:00,371.9,29.6,47.1,5.3,232.6,7.19,0,4364.5
2026-06-02 13:35:00,362.3,32.7,45.5,5.1,191.0,7.21,0,4283.2
2026-06-02 13:40:00,371.9,31.4,50.0,5.6,199.9,7.51,0,4060.1
2026-06-02 13:45:00,343.0,30.3,45.0,4.9,187.0,7.21,0,4463.2
2026-06-02 13:50:00,320.7,29.2,47.4,5.6,218.2,7.31,0,4317.5
2026-06-02 13:55:00,350.0,32.9,47.3,4.8,176.3,7.05,0,4242.2
2026-06-02 14:00:00,333.3,27.9,46.7,5.3,201.8,7.43,0,4381.3
2026-06-02 14:05:00,382.1,32.1,52.1,4.8,180.8,7.38,0,4179.7
2026-06-02 14:10:00,365.4,29.2,48.2,5.2,164.7,7.48,0,4182.5
2026-06-02 14:15:00,358.5,31.0,49.3,5.4,185.5,7.2,0,4138.5
2026-06-02 14:20:00,378.5,32.2,46.9,5.0,186.2,7.43,0,4241.7
2026-06-02 14:25:00,325.7,29.2,41.7,4.4,209.5,7.2,0,4202.9
2026-06-02 14:30:00,335.2,32.0,46.3,5.0,182.0,7.46,0,4235.9
2026-06-02 14:35:00,391.8,33.3,51.6,5.0,157.6,7.06,0,4137.5
2026-06-02 14:40:00,372.2,27.6,48.4,5.3,159.3,7.41,0,4207.2
2026-06-02 14:45:00,317.1,31.5,44.6,4.7,202.1,7.31,0,4308.3
2026-06-02 14:50:00,348.8,32.2,46.2,4.7,208.2,7.37,0,4390.7
2026-06-02 14:55:00,326.6,29.5,43.3,4.8,202.5,7.36,0,4283.2
2026-06-02 15:00:00,348.2,29.7,48.8,4.9,190.6,7.35,0,4242.8
2026-06-02 15:05:00,359.1,27.6,44.5,4.9,205.4,7.55,0,4346.5
2026-06-02 15:10:00,345.2,28.5,45.9,5.0,162.4,7.49,0,4401.4
2026-06-02 15:15:00,345.0,32.2,42.7,5.0,159.1,7.36,0,4405.4
2026-06-02 15:20:00,333.4,29.9,46.6,4.6,170.3,7.33,0,4362.1
2026-06-02 15:25:00,384.8,32.4,40.4,4.8,195.8,7.45,0,4262.9
2026-06-02 15:30:00,365.6,29.9,45.4,4.8,215.1,7.46,0,4334.3
2026-06-02 15:35:00,336.1,30.7,44.2,4.9,179.5,7.32,0,4372.0
2026-06-02 15:40:00,376.1,35.1,46.9,5.0,181.8,7.31,0,4149.3
2026-06-02 15:45:00,348.4,33.6,37.0,4.8,212.4,7.21,0,4379.3
2026-06-02 15:50:00,332.3,30.3,43.2,5.2,191.6,7.34,0,4542.6
2026-06-02 15:55:00,363.4,31.1,48.0,5.2,203.7,7.33,0,4349.9
2026-06-02 16:00:00,406.4,30.8,45.9,4.8,202.2,7.4,0,4261.7
2026-06-02 16:05:00,342.2,33.1,48.7,5.2,175.4,7.49,0,4379.9
2026-06-02 16:10:00,373.7,31.4,50.0,5.0,236.5,7.43,0,4394.1
2026-06-02 16:15:00,367.0,32.9,46.6,5.5,182.9,7.41,0,4573.7
2026-06-02 16:20:00,349.1,26.7,45.5,4.6,239.0,7.28,0,4731.0
2026-06-02 16:25:00,375.7,30.4,47.5,4.9,212.0,7.27,0,4528.4
2026-06-02 16:30:00,362.4,31.6,49.3,5.0,206.7,7.38,0,4457.8
2026-06-02 16:35:00,377.7,33.1,46.2,4.8,171.4,7.36,0,4446.4
2026-06-02 16:40:00,353.7,28.3,43.7,5.1,208.5,7.38,0,4673.5
2026-06-02 16:45:00,326.3,30.7,44.1,5.0,200.1,7.21,0,4668.8
2026-06-02 16:50:00,328.9,32.5,47.9,5.0,197.4,7.21,0,4734.3
2026-06-02 16:55:00,386.3,32.4,45.2,5.1,175.8,7.25,0,4601.2
2026-06-02 17:00:00,338.8,31.1,44.9,5.0,220.1,7.38,0,4827.9
2026-06-02 17:05:00,352.0,29.9,45.9,5.5,221.3,7.3,0,4717.4
2026-06-02 17:10:00,382.6,31.6,48.5,5.3,168.1,7.46,0,4659.7
2026-06-02 17:15:00,373.7,30.9,51.2,4.7,190.9,7.2,0,4558.6
2026-06-02 17:20:00,380.8,33.9,49.7,5.2,197.5,7.2,0,4731.6
2026-06-02 17:25:00,363.4,32.8,42.8,5.5,210.5,7.28,0,4757.7
2026-06-02 17:30:00,347.3,32.6,49.6,4.5,206.7,7.25,0,4732.3
2026-06-02 17:35:00,381.4,31.8,47.0,4.7,202.6,7.22,0,4907.4
2026-06-02 17:40:00,350.0,34.6,48.8,5.4,214.2,7.31,0,4824.2
2026-06-02 17:45:00,398.7,36.4,47.6,5.5,242.7,7.31,0,4826.6
2026-06-02 17:50:00,383.6,32.6,46.3,5.3,198.7,7.18,0,4857.7
2026-06-02 17:55:00,363.3,33.0,52.0,5.4,226.2,7.24,0,4835.3
2026-06-02 18:00:00,382.3,33.1,47.8,5.6,241.2,7.37,0,4947.5
2026-06-02 18:05:00,359.0,35.1,52.0,5.0,236.9,7.27,0,4977.5
2026-06-02 18:10:00,350.7,33.7,48.1,4.9,219.3,7.22,0,5035.1
2026-06-02 18:15:00,368.0,32.6,47.6,5.0,219.4,7.26,0,5125.8
2026-06-02 18:20:00,372.3,32.6,44.7,5.1,215.0,7.18,0,5270.1
2026-06-02 18:25:00,365.7,32.3,47.1,5.2,241.3,7.48,0,5243.4
2026-06-02 18:30:00,362.4,30.4,52.5,5.6,198.6,7.39,0,5003.3
2026-06-02 18:35:00,332.0,33.6,47.0,5.6,199.1,7.55,0,5282.1
2026-06-02 18:40:00,356.5,30.0,47.8,5.1,193.4,7.31,0,5326.0
2026-06-02 18:45:00,339.1,31.6,52.3,4.7,257.8,7.27,0,5315.2
2026-06-02 18:50:00,369.9,31.0,45.3,5.0,239.3,7.21,0,5210.1
2026-06-02 18:55:00,357.8,30.9,44.4,5.1,195.1,7.35,0,5432.8
2026-06-02 19:00:00,392.2,33.4,50.3,5.8,182.7,7.26,0,5202.6
2026-06-02 19:05:00,376.0,34.3,42.6,5.3,203.8,7.2,0,5429.3
2026-06-02 19:10:00,383.8,30.9,49.0,4.8,209.5,7.43,0,5443.4
2026-06-02 19:15:00,366.1,34.9,45.8,5.0,213.5,7.3,0,5401.7
2026-06-02 19:20:00,374.9,30.4,49.1,5.3,176.3,7.33,0,5169.5
2026-06-02 19:25:00,378.8,29.9,50.9,5.2,193.0,7.32,0,5396.6
2026-06-02 19:30:00,373.9,30.3,44.2,5.0,233.9,7.34,0,5475.5
2026-06-02 19:35:00,378.9,33.9,42.8,4.9,221.4,7.13,0,5400.4
2026-06-02 19:40:00,414.2,30.7,42.6,5.0,194.1,7.18,0,5394.0
2026-06-02 19:45:00,388.8,30.3,49.9,5.2,228.9,7.48,0,5368.4
2026-06-02 19:50:00,401.7,36.4,51.7,5.3,229.2,7.3,0,5356.1
2026-06-02 19:55:00,347.7,32.3,45.7,4.9,255.2,7.34,0,5405.5
2026-06-02 20:00:00,341.3,34.6,50.6,5.2,204.3,7.38,0,5546.5
2026-06-02 20:05:00,359.0,35.0,49.2,5.9,194.7,7.26,0,5339.6
2026-06-02 20:10:00,368.6,33.8,48.4,5.2,205.7,7.19,0,5455.7
2026-06-02 20:15:00,388.8,36.9,54.3,5.6,228.1,7.16,0,5117.9
2026-06-02 20:20:00,380.9,32.3,43.9,4.8,182.5,7.2,0,5346.1
2026-06-02 20:25:00,401.9,29.8,49.8,5.4,208.7,7.23,0,5472.2
2026-06-02 20:30:00,361.5,32.8,42.4,4.9,209.3,7.22,0,5494.1
2026-06-02 20:35:00,390.0,32.5,44.8,5.7,236.1,7.17,0,5255.2
2026-06-02 20:40:00,370.0,33.4,44.0,5.7,197.1,7.39,0,5392.7
2026-06-02 20:45:00,388.1,33.6,49.4,4.9,205.2,7.45,0,5431.6
2026-06-02 20:50:00,390.4,31.3,51.2,5.1,219.0,7.21,0,5246.4
2026-06-02 20:55:00,381.3,32.3,52.7,5.6,195.1,7.13,0,5137.6
2026-06-02 21:00:00,401.6,33.0,49.6,4.9,191.2,7.31,0,5154.2
2026-06-02 21:05:00,395.3,35.9,48.7,5.4,246.5,7.45,0,5109.2
2026-06-02 21:10:00,382.5,30.3,49.0,5.0,219.0,7.17,0,5331.4
2026-06-02 21:15:00,368.7,35.7,47.7,5.1,232.4,7.17,0,5245.6
2026-06-02 21:20:00,386.2,29.3,49.2,4.6,222.1,7.06,0,5167.2
2026-06-02 21:25:00,369.4,35.9,48.7,5.4,204.4,7.33,0,5095.8
2026-06-02 21:30:00,337.6,31.9,46.8,5.8,194.1,7.2,0,5277.5
2026-06-02 21:35:00,358.5,33.3,54.1,5.1,194.8,7.39,0,5116.5
2026-06-02 21:40:00,377.7,33.0,50.2,4.7,191.0,7.37,0,5144.8
2026-06-02 21:45:00,385.0,28.1,50.2,5.5,190.9,7.45,0,4993.0
2026-06-02 21:50:00,359.2,32.2,47.8,5.0,189.7,7.41,0,4939.2
2026-06-02 21:55:00,387.7,31.1,47.0,5.0,221.5,7.14,0,5133.0
2026-06-02 22:00:00,342.6,34.2,50.4,4.9,185.5,7.27,0,5011.6
2026-06-02 22:05:00,366.9,31.6,48.0,4.7,233.6,7.41,0,4992.1
2026-06-02 22:10:00,352.8,34.4,46.1,5.2,220.2,7.16,0,4979.2
2026-06-02 22:15:00,360.8,34.6,41.9,4.8,218.3,7.26,0,5016.0
2026-06-02 22:20:00,328.3,32.2,45.4,4.5,209.1,7.31,0,5004.5
2026-06-02 22:25:00,334.0,32.8,50.5,5.3,212.5,7.3,0,4753.7
2026-06-02 22:30:00,351.0,29.9,44.0,6.0,195.2,7.33,0,4809.3
2026-06-02 22:35:00,384.6,33.6,52.6,5.5,186.4,7.23,0,4707.6
2026-06-02 22:40:00,364.3,30.9,47.8,5.1,194.3,7.21,0,4796.3
2026-06-02 22:45:00,334.4,34.5,51.6,6.0,176.4,7.35,0,4715.2
2026-06-02 22:50:00,384.0,29.0,47.2,4.6,212.1,7.28,0,4696.1
2026-06-02 22:55:00,366.7,30.4,41.0,5.3,182.4,7.51,0,4678.3
2026-06-02 23:00:00,378.3,33.5,46.2,5.6,215.6,7.19,0,4647.8
2026-06-02 23:05:00,335.3,33.1,42.9,4.5,215.9,7.29,0,4883.3
2026-06-02 23:10:00,333.4,34.2,46.3,5.3,207.2,7.17,0,4445.2
2026-06-02 23:15:00,392.0,34.0,48.4,4.9,191.5,7.34,0,4586.3
2026-06-02 23:20:00,365.7,32.7,45.6,5.1,184.5,7.28,0,4440.0
2026-06-02 23:25:00,378.0,34.5,42.6,5.1,186.7,7.35,0,4569.6
2026-06-02 23:30:00,359.7,32.8,46.2,4.6,182.6,7.23,0,4404.4
2026-06-02 23:35:00,359.9,32.4,49.1,4.7,200.8,7.12,0,4506.0
2026-06-02 23:40:00,327.0,32.2,46.5,5.1,198.6,7.43,0,4425.8
2026-06-02 23:45:00,331.9,30.2,43.1,4.4,238.9,7.39,0,4568.3
2026-06-02 23:50:00,400.1,33.1,46.8,5.1,237.7,7.39,0,4320.8
2026-06-02 23:55:00,385.3,32.6,50.9,4.7,230.9,7.39,0,4315.0
2026-06-03 00:00:00,382.8,32.2,48.0,4.6,192.5,7.31,0,3885.4
2026-06-03 00:05:00,356.4,26.3,46.6,5.1,168.4,7.36,0,3987.1
2026-06-03 00:10:00,352.4,28.9,46.6,4.9,199.6,7.21,0,3953.2
2026-06-03 00:15:00,370.4,29.8,41.1,4.9,191.0,7.26,0,3891.6
2026-06-03 00:20:00,362.4,27.5,44.5,4.7,196.4,7.41,0,3941.2
2026-06-03 00:25:00,370.6,30.2,50.4,5.2,203.9,7.5,0,3691.2
2026-06-03 00:30:00,350.8,31.9,39.5,4.8,208.9,7.33,0,3821.4
2026-06-03 00:35:00,366.8,31.0,39.9,4.7,160.3,6.97,0,3810.9
2026-06-03 00:40:00,323.6,32.1,42.1,5.2,219.9,7.34,0,3796.5
2026-06-03 00:45:00,339.1,32.0,43.0,4.7,213.0,7.44,0,3757.1
2026-06-03 00:50:00,314.8,31.9,44.9,5.2,183.0,7.27,0,3738.7
2026-06-03 00:55:00,322.2,30.1,41.1,4.6,211.1,7.2,0,3719.4
2026-06-03 01:00:00,335.5,31.4,44.5,4.9,188.7,7.4,0,3793.6
2026-06-03 01:05:00,354.5,28.7,50.1,4.8,193.9,7.26,0,3666.9
2026-06-03 01:10:00,392.5,33.5,44.5,5.1,190.1,7.26,0,3469.9
2026-06-03 01:15:00,334.6,31.1,40.2,4.8,178.6,7.13,0,3598.6
2026-06-03 01:20:00,334.6,31.3,43.5,5.0,168.1,7.14,0,3489.2
2026-06-03 01:25:00,343.7,30.3,46.5,5.3,244.4,7.38,0,3419.8
2026-06-03 01:30:00,355.9,29.5,46.2,4.7,203.6,7.18,0,3319.2
2026-06-03 01:35:00,379.0,30.0,46.6,5.2,193.8,7.48,0,3356.7
2026-06-03 01:40:00,338.2,27.0,43.3,4.7,225.4,7.5,0,3347.8
2026-06-03 01:45:00,311.8,31.1,44.4,4.2,158.4,7.2,0,3341.8
2026-06-03 01:50:00,353.7,29.5,52.1,5.1,185.4,7.23,0,3178.6
2026-06-03 01:55:00,341.9,29.1,43.3,5.0,178.0,7.37,0,3181.5
2026-06-03 02:00:00,339.4,26.6,44.3,4.9,180.0,7.45,0,3135.3
2026-06-03 02:05:00,334.5,27.9,45.5,4.7,189.6,7.32,0,3090.1
2026-06-03 02:10:00,389.0,35.1,51.9,4.6,180.4,7.23,0,2991.7
2026-06-03 02:15:00,331.8,28.9,46.9,4.7,154.8,7.26,0,2982.0
2026-06-03 02:20:00,305.4,31.3,44.1,4.8,168.9,7.31,0,2991.0
2026-06-03 02:25:00,317.8,26.7,41.8,4.6,170.4,7.25,0,3010.4
2026-06-03 02:30:00,324.9,27.0,47.2,4.4,179.1,7.42,0,2925.2
2026-06-03 02:35:00,315.0,29.8,44.2,4.7,169.3,7.23,0,2837.0
2026-06-03 02:40:00,330.2,29.4,47.6,4.5,183.5,7.35,0,2861.6
2026-06-03 02:45:00,373.3,28.7,43.7,4.6,183.9,7.38,0,2778.4
2026-06-03 02:50:00,301.7,28.6,41.1,4.8,146.2,7.3,0,2866.3
2026-06-03 02:55:00,294.8,26.8,38.2,4.2,166.2,7.28,0,2886.3
2026-06-03 03:00:00,345.0,31.0,44.4,4.7,190.1,7.3,0,2788.6
2026-06-03 03:05:00,322.3,32.0,37.9,4.4,183.9,7.21,0,2804.9
2026-06-03 03:10:00,327.5,31.2,47.0,4.8,153.1,7.38,0,2715.7
2026-06-03 03:15:00,350.1,26.4,39.1,4.4,200.7,7.29,0,2758.7
2026-06-03 03:20:00,319.6,29.7,38.4,4.6,197.0,7.27,0,2737.2
2026-06-03 03:25:00,293.5,27.4,42.1,4.3,228.9,7.19,0,2791.7
2026-06-03 03:30:00,350.5,28.3,46.1,4.8,218.4,7.49,0,2706.4
2026-06-03 03:35:00,329.9,30.2,42.9,4.1,169.9,7.39,0,2740.1
2026-06-03 03:40:00,335.8,29.8,46.1,4.7,183.4,7.15,0,2693.1
2026-06-03 03:45:00,288.5,28.8,43.4,4.2,186.5,7.36,0,2802.5
2026-06-03 03:50:00,315.3,29.4,45.5,4.5,209.8,7.24,0,2748.4
2026-06-03 03:55:00,329.7,27.6,47.6,4.6,180.9,7.21,0,2786.5
2026-06-03 04:00:00,316.3,27.8,42.2,5.0,211.6,7.23,0,2778.0
2026-06-03 04:05:00,352.7,28.7,43.9,4.2,192.0,7.35,0,2845.5
2026-06-03 04:10:00,326.8,28.4,37.7,4.1,172.1,7.29,0,2928.9
2026-06-03 04:15:00,326.2,29.7,46.7,5.0,165.2,7.29,0,2942.9
2026-06-03 04:20:00,344.6,30.0,41.6,4.5,206.7,7.33,0,3035.6
2026-06-03 04:25:00,327.1,29.4,44.4,4.3,206.1,7.39,0,2961.4
2026-06-03 04:30:00,342.9,29.6,42.9,4.6,208.9,7.53,0,3044.9
2026-06-03 04:35:00,328.4,30.3,41.1,4.5,140.0,7.27,0,3162.0
2026-06-03 04:40:00,360.4,29.6,46.8,4.7,186.7,7.26,0,3080.9
2026-06-03 04:45:00,338.2,29.6,44.4,4.7,213.4,7.31,0,3268.1
2026-06-03 04:50:00,340.6,29.1,41.4,4.1,162.9,7.37,0,3344.2
2026-06-03 04:55:00,336.2,29.8,50.0,4.9,201.4,7.41,0,3227.8
2026-06-03 05:00:00,313.3,26.2,44.5,4.4,180.5,7.2,0,3522.0
2026-06-03 05:05:00,340.9,28.3,49.1,4.8,173.5,7.54,0,3398.3
2026-06-03 05:10:00,367.0,32.9,40.9,5.2,178.1,7.18,0,3359.9
2026-06-03 05:15:00,358.5,27.7,44.0,5.2,223.0,7.39,0,3461.2
2026-06-03 05:20:00,360.9,33.4,47.6,5.3,210.4,7.38,0,3590.4
2026-06-03 05:25:00,330.1,29.2,42.0,4.3,191.4,7.16,0,3635.0
2026-06-03 05:30:00,323.2,27.5,44.7,5.0,237.0,7.33,0,3670.5
2026-06-03 05:35:00,345.3,30.1,43.5,5.2,159.9,7.13,0,3700.0
2026-06-03 05:40:00,343.8,27.1,47.8,4.8,182.9,7.22,0,3750.8
2026-06-03 05:45:00,318.5,26.5,43.1,4.7,227.3,7.29,0,4054.7
2026-06-03 05:50:00,342.9,30.6,42.5,5.3,193.0,7.31,0,4018.8
2026-06-03 05:55:00,317.5,27.3,49.6,4.8,193.0,7.42,0,4137.3
2026-06-03 06:00:00,346.5,28.5,48.6,5.4,195.3,7.23,0,4044.1
2026-06-03 06:05:00,334.9,31.2,48.2,5.0,189.1,7.34,0,4153.4
2026-06-03 06:10:00,335.8,31.7,47.7,5.2,217.2,7.39,0,4164.9
2026-06-03 06:15:00,331.8,32.3,49.2,5.3,182.9,7.29,0,4272.6
2026-06-03 06:20:00,327.8,30.9,47.0,4.6,253.6,7.3,0,4472.8
2026-06-03 06:25:00,370.9,31.4,41.8,5.2,172.1,7.15,0,4404.0
2026-06-03 06:30:00,352.2,32.4,52.3,4.9,235.0,7.14,0,4495.6
2026-06-03 06:35:00,365.8,33.5,52.6,5.5,218.1,7.22,0,4505.1
2026-06-03 06:40:00,349.6,31.1,45.0,4.9,188.2,7.44,0,4698.3
2026-06-03 06:45:00,378.4,32.9,42.9,5.0,207.7,7.44,0,4633.2
2026-06-03 06:50:00,362.9,26.0,43.1,4.7,220.2,7.42,0,4865.3
2026-06-03 06:55:00,376.3,31.1,44.7,5.1,216.3,7.34,0,4768.5
2026-06-03 07:00:00,342.1,32.9,46.1,5.0,165.2,7.35,0,5097.5
2026-06-03 07:05:00,354.2,30.0,45.3,5.0,212.4,7.26,0,5034.2
2026-06-03 07:10:00,338.9,32.9,46.0,5.8,176.5,7.26,0,4964.4
2026-06-03 07:15:00,349.3,32.3,49.5,5.0,226.9,7.1,0,5028.1
2026-06-03 07:20:00,371.8,30.0,46.3,4.7,227.8,7.32,0,5210.3
2026-06-03 07:25:00,352.2,32.7,50.5,5.1,178.0,7.35,0,5152.9
2026-06-03 07:30:00,357.4,30.9,47.4,5.2,165.8,7.24,0,5228.1
2026-06-03 07:35:00,365.8,30.0,51.0,4.6,200.7,7.39,0,5431.2
2026-06-03 07:40:00,372.4,31.2,54.6,5.6,202.4,7.42,0,5275.3
2026-06-03 07:45:00,385.6,32.0,51.3,5.3,207.9,7.19,0,5071.9
2026-06-03 07:50:00,363.2,30.3,47.4,5.7,216.8,7.53,0,5351.5
2026-06-03 07:55:00,379.5,30.7,47.3,5.5,205.2,7.35,0,5495.5
2026-06-03 08:00:00,353.9,32.4,51.4,5.4,210.9,7.46,0,5437.7
2026-06-03 08:05:00,387.5,32.5,52.5,5.3,191.5,7.23,0,5309.7
2026-06-03 08:10:00,366.2,31.7,43.2,4.9,187.7,7.45,0,5455.8
2026-06-03 08:15:00,373.2,36.5,49.0,4.9,222.1,7.37,0,5655.0
2026-06-03 08:20:00,397.9,35.0,49.1,5.0,220.6,7.27,0,5360.0
2026-06-03 08:25:00,388.8,30.5,51.5,5.1,202.3,7.19,0,5347.7
2026-06-03 08:30:00,403.5,33.7,49.8,5.4,187.9,7.3,0,5464.5
2026-06-03 08:35:00,380.3,32.5,46.7,5.2,242.8,7.38,0,5701.9
2026-06-03 08:40:00,382.9,41.3,46.0,5.0,246.3,7.31,0,5359.0
2026-06-03 08:45:00,377.8,33.3,44.2,5.1,234.3,7.31,0,5612.4
2026-06-03 08:50:00,376.0,36.5,47.7,5.0,223.8,7.25,0,5662.9
2026-06-03 08:55:00,395.4,32.0,48.6,5.7,187.6,7.17,0,5613.0
2026-06-03 09:00:00,351.8,32.2,50.4,4.7,237.5,7.32,0,5449.3
2026-06-03 09:05:00,397.2,30.4,49.7,5.9,222.7,7.21,0,5630.3
2026-06-03 09:10:00,346.8,35.2,47.7,5.6,188.9,7.4,0,5490.7
2026-06-03 09:15:00,382.8,30.8,44.8,4.4,225.3,7.38,0,5624.1
2026-06-03 09:20:00,390.6,32.0,52.9,5.1,199.6,7.47,0,5500.1
2026-06-03 09:25:00,366.8,33.5,50.3,5.4,227.7,7.26,0,5626.5
2026-06-03 09:30:00,387.0,32.1,47.0,5.0,234.2,7.3,0,5571.0
2026-06-03 09:35:00,355.8,33.8,52.8,5.3,221.0,7.15,0,5420.7
2026-06-03 09:40:00,351.4,29.9,45.5,5.9,192.4,7.24,0,5604.9
2026-06-03 09:45:00,350.2,28.0,49.7,5.1,222.7,7.3,0,5507.6
2026-06-03 09:50:00,355.4,34.9,49.2,4.9,221.3,7.31,0,5537.0
2026-06-03 09:55:00,393.6,34.7,46.7,5.5,194.6,7.26,0,5499.6
2026-06-03 10:00:00,391.2,31.4,49.2,4.7,202.0,7.24,0,5561.7
2026-06-03 10:05:00,365.0,32.3,44.4,5.4,248.7,7.32,0,5487.4
2026-06-03 10:10:00,371.9,30.4,48.2,5.4,243.2,7.27,0,5439.7
2026-06-03 10:15:00,429.1,33.2,50.4,6.0,197.0,7.43,0,5161.4
2026-06-03 10:20:00,363.8,37.4,45.7,5.4,166.0,7.33,0,5287.2
2026-06-03 10:25:00,374.2,37.8,53.1,5.4,238.6,7.25,0,5021.3
2026-06-03 10:30:00,401.1,33.8,53.2,5.3,251.5,7.41,0,5109.0
2026-06-03 10:35:00,349.4,28.0,47.1,5.7,239.8,7.2,0,5341.8
2026-06-03 10:40:00,350.5,33.6,49.1,5.3,199.6,7.26,0,5136.4
2026-06-03 10:45:00,378.6,31.0,46.4,5.0,220.4,7.2,0,5266.5
2026-06-03 10:50:00,403.9,31.9,48.7,5.2,187.2,7.27,0,5031.5
2026-06-03 10:55:00,357.2,32.2,46.8,5.3,228.2,7.44,0,5061.4
2026-06-03 11:00:00,364.7,35.7,47.9,5.0,193.7,7.32,0,5053.8
2026-06-03 11:05:00,373.8,31.3,45.8,4.7,192.3,7.13,0,5157.3
2026-06-03 11:10:00,341.8,33.2,51.6,4.8,203.3,7.26,0,5065.5
2026-06-03 11:15:00,389.2,33.1,47.6,4.9,193.2,7.33,0,4880.4
2026-06-03 11:20:00,399.8,33.0,45.5,5.1,219.4,7.33,0,4845.5
2026-06-03 11:25:00,335.5,33.0,42.5,4.9,186.6,7.28,0,4877.0
2026-06-03 11:30:00,318.6,29.6,48.1,4.8,256.5,7.38,0,5054.8
2026-06-03 11:35:00,326.9,29.1,51.5,5.0,214.7,7.36,0,4797.8
2026-06-03 11:40:00,356.6,35.3,44.8,5.3,196.1,7.28,0,4678.9
2026-06-03 11:45:00,339.5,29.2,49.9,4.9,183.1,7.32,0,4651.4
2026-06-03 11:50:00,385.9,32.3,49.0,5.6,196.3,7.29,0,4675.9
2026-06-03 11:55:00,337.5,34.8,47.0,5.4,198.2,7.31,0,4692.3
2026-06-03 12:00:00,357.7,32.8,44.8,5.3,196.6,7.32,0,4548.8
2026-06-03 12:05:00,360.5,32.0,47.6,5.2,191.9,7.4,0,4691.8
2026-06-03 12:10:00,345.9,33.0,51.5,4.8,185.0,7.35,0,4516.5
2026-06-03 12:15:00,349.8,32.7,49.7,4.7,219.7,7.3,0,4668.6
2026-06-03 12:20:00,370.3,33.7,48.2,4.9,229.6,7.26,0,4548.4
2026-06-03 12:25:00,427.3,28.8,49.7,4.6,183.6,7.37,0,4470.7
2026-06-03 12:30:00,387.6,35.8,44.2,5.2,199.8,7.33,0,4225.4
2026-06-03 12:35:00,325.7,31.4,48.9,5.7,164.5,7.29,0,4424.5
2026-06-03 12:40:00,371.6,29.8,48.5,5.0,189.5,7.27,0,4437.2
2026-06-03 12:45:00,362.7,29.2,45.8,5.5,239.7,7.31,0,4421.8
2026-06-03 12:50:00,362.6,31.3,46.4,5.4,224.1,7.23,0,4451.3
2026-06-03 12:55:00,356.6,30.3,45.5,4.8,212.3,7.16,0,4348.3
2026-06-03 13:00:00,370.0,30.9,41.8,5.0,176.7,7.46,0,4419.1
2026-06-03 13:05:00,356.6,31.7,49.2,5.0,185.7,7.46,0,4272.6
2026-06-03 13:10:00,354.6,31.0,50.8,5.2,189.2,7.32,0,4425.7
2026-06-03 13:15:00,352.2,31.9,43.2,5.0,219.8,7.35,0,4414.1
2026-06-03 13:20:00,354.7,33.0,46.4,5.5,225.3,7.28,0,4343.5
2026-06-03 13:25:00,342.4,32.7,42.1,5.0,199.4,7.35,0,4371.2
2026-06-03 13:30:00,380.5,34.0,47.4,5.3,217.3,7.31,0,4270.1
2026-06-03 13:35:00,385.0,30.6,44.8,4.8,184.6,7.32,0,4272.4
2026-06-03 13:40:00,397.2,29.8,46.3,4.6,205.6,7.2,0,4259.9
2026-06-03 13:45:00,347.8,30.0,48.0,5.0,220.0,7.48,0,4385.2
2026-06-03 13:50:00,357.4,29.9,47.1,5.0,230.9,7.19,0,4285.6
2026-06-03 13:55:00,365.7,29.0,46.8,5.2,176.0,7.39,0,4198.6
2026-06-03 14:00:00,337.5,30.5,43.9,5.4,227.9,7.22,0,4255.2
2026-06-03 14:05:00,376.3,32.5,48.8,5.1,247.0,7.11,0,4217.0
2026-06-03 14:10:00,347.0,33.1,43.2,5.2,170.9,7.4,0,4270.7
2026-06-03 14:15:00,367.6,30.9,50.3,5.3,167.6,7.32,0,4240.4
2026-06-03 14:20:00,338.6,33.9,48.0,5.1,231.5,7.17,0,4138.9
2026-06-03 14:25:00,373.9,31.6,44.5,4.9,191.8,7.37,0,4163.4
2026-06-03 14:30:00,384.0,26.7,42.5,5.6,195.8,7.27,0,4224.4
2026-06-03 14:35:00,331.1,27.7,44.3,5.0,223.8,7.49,0,4375.9
2026-06-03 14:40:00,358.0,32.9,47.2,5.3,182.7,7.16,0,4105.1
2026-06-03 14:45:00,341.6,27.4,47.3,4.6,205.7,7.24,0,4299.2
2026-06-03 14:50:00,333.7,27.6,42.2,4.9,173.4,7.39,0,4407.2
2026-06-03 14:55:00,375.5,27.6,47.7,5.0,217.9,7.26,0,4362.0
2026-06-03 15:00:00,357.2,30.6,39.4,4.7,217.9,7.22,0,4283.3
2026-06-03 15:05:00,335.8,31.6,46.9,5.2,204.3,7.33,0,4272.9
2026-06-03 15:10:00,333.2,27.4,43.9,4.8,201.2,7.41,0,4355.2
2026-06-03 15:15:00,302.4,31.4,45.4,4.2,200.7,7.3,0,4438.6
2026-06-03 15:20:00,334.1,30.6,49.2,4.8,197.7,7.28,0,4380.0
2026-06-03 15:25:00,327.5,28.4,48.9,5.3,199.7,7.23,0,4344.2
2026-06-03 15:30:00,322.0,30.4,46.4,4.6,218.7,7.26,0,4444.1
2026-06-03 15:35:00,345.5,29.5,50.1,5.7,165.8,7.19,0,4366.4
2026-06-03 15:40:00,332.2,29.6,50.3,5.1,238.1,7.43,0,4371.5
2026-06-03 15:45:00,348.2,28.4,50.3,5.6,205.4,7.37,0,4432.5
2026-06-03 15:50:00,368.6,31.5,45.5,4.7,246.8,7.17,0,4335.1
2026-06-03 15:55:00,342.3,28.9,46.0,4.4,206.9,7.25,0,4669.9
2026-06-03 16:00:00,360.1,30.6,48.7,4.9,202.2,7.38,0,4436.2
2026-06-03 16:05:00,303.8,31.0,46.9,4.6,214.7,7.37,0,4422.6
2026-06-03 16:10:00,340.6,31.1,48.9,4.8,177.3,7.29,0,4531.9
2026-06-03 16:15:00,375.9,30.2,45.9,5.4,181.0,7.28,0,4573.2
2026-06-03 16:20:00,408.4,27.9,43.3,5.0,198.6,7.3,0,4432.7
2026-06-03 16:25:00,387.9,32.3,52.3,4.7,204.3,7.26,0,4360.0
2026-06-03 16:30:00,361.3,29.7,45.5,5.2,223.7,7.41,0,4505.1
2026-06-03 16:35:00,338.2,33.2,41.8,5.4,204.7,7.37,0,4582.7
2026-06-03 16:40:00,391.0,32.6,56.9,4.5,232.6,7.33,0,4511.2
2026-06-03 16:45:00,355.5,33.3,44.0,4.6,149.6,7.19,0,4599.8
2026-06-03 16:50:00,354.6,30.5,49.1,5.1,240.3,7.24,0,4614.1
2026-06-03 16:55:00,397.2,34.2,45.7,4.9,195.7,7.24,0,4498.2
2026-06-03 17:00:00,289.4,29.0,45.4,4.9,218.0,7.27,0,4737.2
2026-06-03 17:05:00,352.4,30.9,44.5,5.4,228.7,7.32,0,4785.4
2026-06-03 17:10:00,327.4,29.7,44.3,4.9,177.9,7.46,0,4745.7
2026-06-03 17:15:00,370.1,32.5,49.5,5.2,234.2,7.32,0,4790.6
2026-06-03 17:20:00,401.8,35.4,54.6,5.3,220.4,7.16,0,4718.3
2026-06-03 17:25:00,373.5,32.4,47.6,4.9,241.5,7.37,0,4796.7
2026-06-03 17:30:00,399.7,28.5,41.9,4.7,207.2,7.17,0,4901.0
2026-06-03 17:35:00,377.6,31.3,45.9,5.6,205.8,7.35,0,4730.9
2026-06-03 17:40:00,402.8,38.4,46.2,5.2,190.9,7.26,0,4792.0
2026-06-03 17:45:00,338.5,34.4,49.4,5.3,191.9,7.36,0,4779.9
2026-06-03 17:50:00,356.6,29.4,45.1,4.9,205.2,7.36,0,5115.1
2026-06-03 17:55:00,337.4,33.8,54.2,5.1,218.8,7.32,0,4949.0
2026-06-03 18:00:00,362.8,31.3,46.3,5.0,222.5,7.2,0,5148.4
2026-06-03 18:05:00,358.8,37.1,50.3,4.8,186.5,7.24,0,5025.0
2026-06-03 18:10:00,348.9,31.0,45.9,5.1,205.4,7.35,0,5241.4
2026-06-03 18:15:00,352.7,30.8,46.8,4.7,212.4,7.32,0,5212.3
2026-06-03 18:20:00,395.0,32.4,47.7,6.0,163.6,7.48,0,5043.5
2026-06-03 18:25:00,370.4,31.3,48.0,5.3,226.0,7.32,0,5151.2
2026-06-03 18:30:00,379.1,31.4,47.7,5.4,203.0,7.38,0,5061.1
2026-06-03 18:35:00,363.3,29.6,47.7,4.8,208.9,7.26,0,5258.1
2026-06-03 18:40:00,375.8,30.6,45.7,5.4,238.9,7.22,0,5325.5
2026-06-03 18:45:00,350.4,32.5,52.9,4.9,188.3,7.42,0,5432.7
2026-06-03 18:50:00,335.1,30.9,48.2,5.2,191.1,7.23,0,5402.5
2026-06-03 18:55:00,387.0,30.9,49.7,4.9,161.8,7.16,0,5323.9
2026-06-03 19:00:00,357.1,29.5,47.7,4.6,207.8,7.17,0,5335.2
2026-06-03 19:05:00,377.7,33.9,44.4,5.7,232.2,7.34,0,5289.7
2026-06-03 19:10:00,373.2,34.2,43.0,5.2,165.7,7.23,0,5527.3
2026-06-03 19:15:00,352.5,31.3,48.9,5.2,188.1,7.15,0,5255.9
2026-06-03 19:20:00,359.7,31.8,49.0,5.9,213.2,7.49,0,5251.0
2026-06-03 19:25:00,346.3,31.3,50.9,5.3,200.2,7.08,0,5256.9
2026-06-03 19:30:00,355.3,33.3,48.2,5.5,200.5,7.26,0,5501.6
2026-06-03 19:35:00,387.0,33.8,46.4,4.6,213.2,7.46,0,5499.1
2026-06-03 19:40:00,367.2,32.5,55.9,5.1,248.4,7.31,0,5450.9
2026-06-03 19:45:00,400.0,30.0,49.4,5.1,211.0,7.55,0,5442.7
2026-06-03 19:50:00,387.6,34.0,48.6,5.0,215.2,7.38,0,5285.1
2026-06-03 19:55:00,356.6,32.8,47.4,4.9,220.3,7.18,0,5445.2
2026-06-03 20:00:00,347.5,32.3,49.6,5.1,169.5,7.38,0,5550.3
2026-06-03 20:05:00,415.4,31.1,49.1,5.3,217.0,7.24,0,5298.6
2026-06-03 20:10:00,398.3,31.1,52.8,5.3,178.0,7.27,0,5281.1
2026-06-03 20:15:00,364.8,29.1,48.2,5.0,210.7,7.2,0,5442.6
2026-06-03 20:20:00,368.4,34.2,46.8,5.5,232.9,7.23,0,5485.6
2026-06-03 20:25:00,355.2,34.2,43.8,4.7,201.3,7.37,0,5483.2
2026-06-03 20:30:00,307.1,28.6,50.5,5.1,232.3,7.21,0,5516.2
2026-06-03 20:35:00,371.3,30.8,45.3,5.1,173.8,7.11,0,5392.1
2026-06-03 20:40:00,354.5,31.9,52.5,5.2,215.5,7.34,0,5184.6
2026-06-03 20:45:00,358.4,33.8,46.4,4.5,215.7,7.28,0,5403.5
2026-06-03 20:50:00,334.0,31.8,49.9,5.1,153.4,7.39,0,5459.6
2026-06-03 20:55:00,370.1,35.8,52.9,5.1,220.0,7.22,0,5249.8
2026-06-03 21:00:00,348.3,31.8,46.4,5.3,147.1,7.4,0,5283.2
2026-06-03 21:05:00,387.5,31.0,48.1,6.4,212.5,7.37,0,5048.5
2026-06-03 21:10:00,386.3,31.0,55.2,5.3,218.0,7.35,0,5228.2
2026-06-03 21:15:00,363.7,29.5,48.1,5.2,199.7,7.17,0,5403.2
2026-06-03 21:20:00,338.5,34.5,50.9,5.0,211.8,7.29,0,5166.7
2026-06-03 21:25:00,338.1,36.7,45.3,5.3,255.0,7.39,0,5079.8
2026-06-03 21:30:00,326.3,31.8,43.6,4.9,196.6,7.24,0,5367.3
2026-06-03 21:35:00,384.8,30.4,48.2,4.8,183.5,7.09,0,5202.7
2026-06-03 21:40:00,410.8,32.3,46.6,4.8,249.5,7.23,0,5162.2
2026-06-03 21:45:00,350.3,28.8,45.0,5.3,211.2,7.21,0,5102.8
2026-06-03 21:50:00,348.0,32.0,49.5,5.0,230.7,7.24,0,4991.6
2026-06-03 21:55:00,397.8,28.9,43.3,4.9,172.9,7.16,0,5005.9
2026-06-03 22:00:00,344.3,31.8,47.2,5.4,155.5,7.38,0,5170.9
2026-06-03 22:05:00,367.8,32.0,45.9,5.7,187.9,7.36,0,4908.2
2026-06-03 22:10:00,357.8,32.5,48.5,4.7,201.8,7.21,0,5083.5
2026-06-03 22:15:00,346.2,33.0,47.7,5.4,194.5,7.26,0,4954.5
2026-06-03 22:20:00,343.8,30.5,48.8,4.6,194.2,7.21,0,4926.5
2026-06-03 22:25:00,373.5,34.8,53.2,5.0,166.4,7.35,0,4701.3
2026-06-03 22:30:00,350.4,29.2,45.3,4.7,208.9,7.2,0,4876.9
2026-06-03 22:35:00,323.6,36.7,44.8,4.9,198.8,7.21,0,4801.8
2026-06-03 22:40:00,353.3,30.1,52.6,5.3,159.1,7.31,0,4626.3
2026-06-03 22:45:00,357.7,33.0,52.2,4.7,197.3,7.22,0,4757.4
2026-06-03 22:50:00,351.6,34.2,51.4,5.0,200.6,7.47,0,4686.5
2026-06-03 22:55:00,369.0,31.7,40.5,4.8,224.6,7.23,0,4725.5
2026-06-03 23:00:00,349.0,30.0,49.8,5.2,192.0,7.37,0,4595.0
2026-06-03 23:05:00,406.8,30.6,45.5,5.2,222.3,7.39,0,4555.4
2026-06-03 23:10:00,359.5,29.4,49.6,5.5,219.8,7.16,0,4634.0
2026-06-03 23:15:00,363.2,31.6,46.7,4.6,185.6,7.27,0,4565.0
2026-06-03 23:20:00,349.6,33.1,46.4,5.4,215.6,7.21,0,4547.3
2026-06-03 23:25:00,361.1,33.0,47.0,5.5,224.8,7.39,0,4444.5
2026-06-03 23:30:00,317.5,31.4,45.3,4.9,223.6,7.29,0,4528.7
2026-06-03 23:35:00,352.8,28.3,42.8,4.9,208.4,7.39,0,4570.7
2026-06-03 23:40:00,397.0,34.2,45.5,5.1,199.0,7.46,0,4517.2
2026-06-03 23:45:00,378.7,31.1,47.5,5.4,173.5,7.47,0,4440.0
2026-06-03 23:50:00,332.4,31.5,52.7,4.5,224.6,7.19,0,4308.0
2026-06-03 23:55:00,368.6,32.1,49.0,5.0,171.3,7.18,0,4360.7
